slug,nid,streamline_id,title,alias
above-it-all-lodge,2869,523567,"Above it All Lodge","cabin/blue-ridge/above-it-all-lodge"
above-the-timberline,2454,382651,"Above The Timberline","cabin/blue-ridge/above-the-timberline"
all-inspired-lodge,1341,70199,"All Inspired Lodge","cabin/blue-ridge/all-inspired-lodge"
aska-escape-lodge,2045,235641,"Aska Escape Lodge","cabin/blue-ridge/aska-escape-lodge"
blue-ridge-bliss,2521,418994,"Blue Ridge Bliss","cabin/blue-ridge/blue-ridge-bliss"
blue-ridge-lake-sanctuary,2523,419022,"Blue Ridge Lake Sanctuary","cabin/blue-ridge/blue-ridge-lake-sanctuary"
blue-ridge-lakewalk,2584,430997,"Blue Ridge Lakewalk","cabin/blue-ridge/blue-ridge-lakewalk"
blue-ridge-town-retreat,2508,412821,"Blue Ridge In-Town Retreat","cabin/blue-ridge/blue-ridge-town-retreat"
cherokee-sunrise-noontootla-creek,2357,306758,"Cherokee Sunrise on Noontootla Creek","cabin/blue-ridge/cherokee-sunrise-noontootla-creek"
cohutta-sunset,1359,70206,"Cohutta Sunset","cabin/blue-ridge/cohutta-sunset"
creekside-bend,2445,386883,"Creekside Bend","cabin/blue-ridge/creekside-bend"
fallen-timber-lodge,14,70209,"Fallen Timber Lodge","cabin/blue-ridge/fallen-timber-lodge"
hemlock-hideaway,457,70211,"Hemlock Hideaway","cabin/blue-ridge/hemlock-hideaway"
hidden-laurel-lodge,16,70212,"Hidden Laurel Lodge","cabin/blue-ridge/hidden-laurel-lodge"
high-hopes,2617,441334,"High Hopes","cabin/blue-ridge/high-hopes"
outlaw-ridge,18,70219,"Outlaw Ridge","cabin/blue-ridge/outlaw-ridge"
peace-heaven,2751,512192,"Peace of Heaven","cabin/blue-ridge/peace-heaven"
restoration-luxury,3221,1012373,"Restoration Luxury","cabin/blue-ridge/restoration-luxury"
river-heights-lodge,2630,443929,"River Heights Lodge","cabin/blue-ridge/river-heights-lodge"
river-ridge-lodge,1599,101503,"River Ridge Lodge","cabin/blue-ridge/river-ridge-lodge"
riverview-lodge,20,70220,"Riverview Lodge","cabin/blue-ridge/riverview-lodge"
rolling-river-cabin,4,69630,"A Rolling River Cabin","cabin/blue-ridge/rolling-river-cabin"
serendipity-noontootla-creek,25,70222,"Serendipity on Noontootla Creek","cabin/blue-ridge/serendipity-noontootla-creek"
the-great-getaway,2555,426588,"The Great Getaway","cabin/blue-ridge/the-great-getaway"
the-rivers-edge,2624,70224,"The Rivers Edge","cabin/blue-ridge/the-rivers-edge"
wooded-bliss,2844,522645,"Wooded Bliss","cabin/blue-ridge/wooded-bliss"
chase-mountain-dreams,3200,980130,"Chase Mountain Dreams","cabin/chase-mountain-dreams"
creekside-green,2936,756771,"Creekside Green","cabin/cherry-log/creekside-green"
happy-ours-lodge,2522,419132,"Happy Ours Lodge","cabin/happy-ours-lodge"
hawks-ridge,2225,335975,"Hawks Ridge","cabin/mineral-bluff/hawks-ridge"
river-dreams-lodge,531,69413,"A River Of Dreams Lodge","cabin/mineral-bluff/river-dreams-lodge"
toccoa-tails,1690,101504,"Toccoa Tails","cabin/mineral-bluff/toccoa-tails"
moonlight-serenade,2718,498913,"Moonlight Serenade","cabin/moonlight-serenade"
lazy-creek-retreat,2618,445301,"Lazy Creek Retreat","cabin/morganton/lazy-creek-retreat"
sanctuary,23,70221,"Sanctuary","cabin/morganton/sanctuary"
skyfall,3213,1001528,"Skyfall","cabin/morganton/skyfall"
our-true-blue,2627,455175,"Our True Blue","cabin/our-true-blue"
